feature,importance
gold_close,241.99807571286956
usd_index_close_lag_1,82.21064051069919
usd_index_close,81.63182364306734
sp500_close,45.78581944743155
sp500_close_lag_1,45.41460170732958
gold_lag_7,23.61795799756823
silver_close,20.881787855763893
silver_close_lag_1,20.755698172522873
sma_30,13.545240770137438
wti_oil_close_lag_1,11.419631044742294
